{
	"seed" : 1234,
	"alpha" : 0.26647534192691025,
	"eta" : 2.0,
	"upsilon" : 0.0332678594173761,
	"sigma" : 0.0337908,
	"mass_false" : 0,
	"mass_true" : 1,
	"T_false" : 0.5,
	"T_true" : 0.5,
	"N_false" : 1000000,
	"N_true" : 0,
	"coupling" : 0,
	"bubble_speed" : 0.2,
	"initial_radius" : 200.0,
	"max_steps" : 100000
}
